index,type,word
1,AA,輕輕
2,AA,知知
3,AA,事事
4,AA,俕俕
5,AA,靈靈
6,AA,伯伯
7,AA,鈍鈍
8,AA,剾剾
9,AA,閃閃
10,AA,牢牢
11,AA,凊凊
12,AA,斜斜
13,AA,睏睏
14,AA,爸爸
15,AA,祖祖
16,AA,少少
17,AA,鬆鬆
18,AA,滿滿
19,AA,澹澹
20,AA,改改
21,AA,彎彎
22,AA,袚袚
23,AA,爍爍
24,AA,念念
25,AA,哺哺
26,AA,攪攪
27,AA,空空
28,AA,近近
29,AA,波波
30,AA,鬍鬍
31,AA,綿綿
32,AA,了了
33,AA,千千
34,AA,直直
35,AA,雄雄
36,AA,奈奈
37,AA,歁歁
38,AA,對對
39,AA,跳跳
40,AA,包包
41,AA,䆀䆀
42,AA,全全
43,AA,冤冤
44,AA,微微
45,AA,巡巡
46,AA,燥燥
47,AA,散散
48,AA,鎖鎖
49,AA,癢癢
50,AA,漂漂
51,AA,貼貼
52,AA,膨膨
53,AA,滯滯
54,AA,吊吊
55,AA,晏晏
56,AA,虯虯
57,AA,醬醬
58,AA,年年
59,AA,軋軋
60,AA,生生
61,AA,飼飼
62,AA,白白
63,AA,靜靜
64,AA,哹哹
65,AA,洘洘
66,AA,款款
67,AA,入入
68,AA,寬寬
69,AA,堂堂
70,AA,長長
71,AA,早早
72,AA,深深
73,AA,澩澩
74,AA,哎哎
75,AA,扒扒
76,AA,掠掠
77,AA,鹹鹹
78,AA,收收
79,AA,蠻蠻
80,AA,荏荏
81,AA,暖暖
82,AA,𠕇𠕇
83,AA,闊闊
84,AA,芳芳
85,AA,幼幼
86,AA,吞吞
87,AA,挲挲
88,AA,慢慢
89,AA,捘捘
90,AA,等等
91,AA,眾眾
92,AA,真真
93,AA,遙遙
94,AA,凜凜
95,AA,沓沓
96,AA,悾悾
97,AA,吐吐
98,AA,釘釘
99,AA,戇戇
100,AA,重重
101,AA,恬恬
102,AA,爹爹
103,AA,太太
104,AA,炒炒
105,AA,聽聽
106,AA,焦焦
107,AA,抐抐
108,AA,走走
109,AA,結結
110,AA,亂亂
111,AA,拚拚
112,AA,揀揀
113,AA,上上
114,AA,泔泔
115,AA,皮皮
116,AA,皺皺
117,AA,滑滑
118,AA,𤺪𤺪
119,AA,抱抱
120,AA,唌唌
121,AA,姊姊
122,AA,奶奶
123,AA,搬搬
124,AA,來來
125,AA,擽擽
126,AA,沙沙
127,AA,久久
128,AA,萬萬
129,AA,穩穩
130,AA,人人
131,AA,朝朝
132,AA,妹妹
133,AA,抓抓
134,AA,純純
135,AA,絨絨
136,AA,蟯蟯
137,AA,犁犁
138,AA,蜜蜜
139,AA,奇奇
140,AA,飛飛
141,AA,翠翠
142,AA,冷冷
143,AA,吱吱
144,AA,漚漚
145,AA,卯卯
146,AA,吼吼
147,AA,便便
148,AA,梢梢
149,AA,頻頻
150,AA,斷斷
151,AA,縛縛
152,AA,利利
153,AA,可可
154,AA,粕粕
155,AA,看看
156,AA,緊緊
157,AA,腫腫
158,AA,行行
159,AA,險險
160,AA,紛紛
161,AA,矮矮
162,AA,賰賰
163,AA,糊糊
164,AA,弄弄
165,AA,喌喌
166,AA,準準
167,AA,專專
168,AA,娘娘
169,AA,攢攢
170,AA,加加
171,AA,啄啄
172,AA,淺淺
173,AA,躼躼
174,AA,翹翹
175,AA,搝搝
176,AA,擘擘
177,AA,蔫蔫
178,AA,膏膏
179,AA,繃繃
180,AA,愣愣
181,AA,歲歲
182,AA,仁仁
183,AA,狹狹
184,AA,講講
185,AA,紅紅
186,AA,交交
187,AA,個個
188,AA,滇滇
189,AA,貞貞
190,AA,媠媠
191,AA,跋跋
192,AA,群群
193,AA,猩猩
194,AA,喓喓
195,AA,槌槌
196,AA,拜拜
197,AA,臭臭
198,AA,齴齴
199,AA,脹脹
200,AA,捎捎
201,AA,點點
202,AA,當當
203,AA,攝攝
204,AA,到到
205,AA,疊疊
206,AA,蹓蹓
207,AA,攬攬
208,AA,衝衝
209,AA,櫳櫳
210,AA,拄拄
211,AA,㧎㧎
212,AA,彬彬
213,AA,捷捷
214,AA,翩翩
215,AA,濟濟
216,AA,安安
217,AA,瞌瞌
218,AA,小小
219,AA,溜溜
220,AA,煮煮
221,AA,暗暗
222,AA,烘烘
223,AA,戽戽
224,AA,黏黏
225,AA,延延
226,AA,沉沉
227,AA,斡斡
228,AA,洗洗
229,AA,飽飽
230,AA,寫寫
231,AA,敆敆
232,AA,落落
233,AA,癮癮
234,AA,裼裼
235,AA,離離
236,AA,披披
237,AA,貝貝
238,AA,相相
239,AA,勇勇
240,AA,圓圓
241,AA,酥酥
242,AA,嗲嗲
243,AA,出出
244,AA,漫漫
245,AA,救救
246,AA,時時
247,AA,飫飫
248,AA,想想
249,AA,僥僥
250,AA,嘿嘿
251,AA,大大
252,AA,浮浮
253,AA,俏俏
254,AA,挽挽
255,AA,某某
256,AA,乖乖
257,AA,鬖鬖
258,AA,修修
259,AA,胮胮
260,AA,茂茂
261,AA,漸漸
262,AA,聲聲
263,AA,箍箍
264,AA,踅踅
265,AA,光光
266,AA,薄薄
267,AA,摸摸
268,AA,垂垂
269,AA,噗噗
270,AA,哼哼
271,AA,末末
272,AA,怪怪
273,AA,炎炎
274,AA,俗俗
275,AA,降降
276,AA,現現
277,AA,濁濁
278,AA,婆婆
279,AA,定定
280,AA,藍藍
281,AA,泚泚
282,AA,曝曝
283,AA,酸酸
284,AA,憨憨
285,AA,惜惜
286,AA,往往
287,AA,唔唔
288,AA,湳湳
289,AA,計計
290,AA,關關
291,AA,青青
292,AA,撨撨
293,AA,眨眨
294,AA,必必
295,AA,遲遲
296,AA,舊舊
297,AA,瘦瘦
298,AA,賣賣
299,AA,處處
300,AA,猴猴
301,AA,拍拍
302,AA,閒閒
303,AA,砧砧
304,AA,韌韌
305,AA,快快
306,AA,擔擔
307,AA,顒顒
308,AA,敧敧
309,AA,抾抾
310,AA,冗冗
311,AA,偷偷
312,AA,烏烏
313,AA,扛扛
314,AA,買買
315,AA,懸懸
316,AA,滾滾
317,AA,咪咪
318,AA,慈慈
319,AA,巧巧
320,AA,覷覷
321,AA,柴柴
322,AA,苦苦
323,AA,鬱鬱
324,AA,齊齊
325,AA,亭亭
326,AA,忝忝
327,AA,足足
328,AA,抨抨
329,AA,起起
330,AA,連連
331,AA,遛遛
332,AA,低低
333,AA,明明
334,AA,呆呆
335,AA,花花
336,AA,油油
337,AA,泡泡
338,AA,黃黃
339,AA,排排
340,AA,單單
341,AA,涼涼
342,AA,食食
343,AA,昭昭
344,AA,接接
345,AA,素素
346,AA,強強
347,AA,金金
348,AA,痟痟
349,AA,透透
350,AA,肥肥
351,AA,霧霧
352,AA,活活
353,AA,搭搭
354,AA,懶懶
355,AA,依依
356,AA,恍恍
357,AA,割割
358,AA,熱熱
359,AA,楞楞
360,AA,悶悶
361,AA,燒燒
362,AA,雙雙
363,AA,尖尖
364,AA,驚驚
365,AA,團團
366,AA,濛濛
367,AA,濕濕
368,AA,赤赤
369,AA,速速
370,AA,眩眩
371,AA,夜夜
372,AA,脯脯
373,AA,絚絚
374,AA,溼溼
375,AA,公公
376,AA,煞煞
377,AA,夠夠
378,AA,向向
379,AA,合合
380,AA,塊塊
381,AA,平平
382,AA,憂憂
383,AA,好好
384,AA,兇兇
385,AA,趖趖
386,AA,譀譀
387,AA,鑢鑢
388,AA,𩚨𩚨
389,AA,殘殘
390,AA,嘻嘻
391,AA,興興
392,AA,種種
393,AA,一一
394,AA,拭拭
395,AA,粗粗
396,AA,眠眠
397,AA,鑿鑿
398,AA,開開
399,AA,喔喔
400,AA,秀秀
401,AA,噷噷
402,AA,弟弟
403,AA,步步
404,AA,剪剪
405,AA,硞硞
406,AA,勻勻
407,AA,哥哥
408,AA,常常
409,AA,刺刺
410,AA,藃藃
411,AA,算算
412,AA,星星
413,AA,爛爛
414,AA,多多
415,AA,遠遠
416,AA,窮窮
417,AA,死死
418,AA,指指
419,AA,切切
420,AA,曲曲
421,AA,心心
422,AA,麻麻
423,AA,薟薟
424,AA,獨獨
425,AA,著著
426,AA,摒摒
427,AA,插插
428,AA,辭辭
429,AA,代代
430,AA,掣掣
431,AA,媽媽
432,AA,頕頕
433,AA,日日
434,AA,天天
435,AA,海海
436,AA,擴擴
437,AA,初初
438,AA,外外
439,AA,流流
440,AA,正正
441,AA,爾爾
442,AA,飄飄
443,AA,二二
444,AA,𣻸𣻸
445,AA,𩑾𩑾
446,AA,剁剁
447,AA,歪歪
448,AA,陣陣
449,AA,茫茫
450,AA,瑯瑯
451,AA,新新
452,AA,晶晶
453,AA,密密
454,AA,粉粉
455,AA,溡溡
456,AA,短短
457,AA,脆脆
458,AA,濫濫
459,AA,圍圍
460,AA,實實
461,AA,旺旺
462,AA,哈哈
463,AA,退退
464,AA,歹歹
465,AA,絞絞
466,AA,疼疼
467,AA,偏偏
468,AA,痠痠
469,AA,昏昏
470,AA,柯柯
471,AA,眵眵
472,AA,車車
473,AA,澀澀
474,AA,孤孤
475,AA,幽幽
476,AA,拂拂
477,AA,殕殕
478,AA,甜甜
479,AA,渺渺
480,AA,喀喀
481,AA,膽膽
482,AA,慒慒
483,AA,貓貓
484,AA,神神
485,AA,聳聳
486,AA,嚶嚶
487,AA,牽牽
488,AA,集集
489,AA,甘甘
490,AA,厚厚
491,AA,玲玲
492,AA,摻摻
493,AA,輾輾
494,AA,細細
495,AA,讀讀
496,AA,怐怐
497,AA,拉拉
498,AA,蹛蹛
499,AA,軟軟
500,AA,冰冰
501,AA,扁扁
502,AA,趨趨
503,AA,笑笑
504,AA,放放
505,AA,做做
506,AA,清清
507,AAA,飫飫飫
508,AAA,覆覆覆
509,AAA,槌槌槌
510,AAA,滿滿滿
511,AAA,𩚨𩚨𩚨
512,AAA,甜甜甜
513,AAA,絚絚絚
514,AAA,戇戇戇
515,AAA,闊闊闊
516,AAA,牢牢牢
517,AAA,插插插
518,AAA,酸酸酸
519,AAA,圓圓圓
520,AAA,喵喵喵
521,AAA,殕殕殕
522,AAA,哈哈哈
523,AAA,苦苦苦
524,AAA,赴赴赴
525,AAA,晏晏晏
526,AAA,騰騰騰
527,AAA,藍藍藍
528,AAA,對對對
529,AAA,鮮鮮鮮
530,AAA,眠眠眠
531,AAA,遠遠遠
532,AAA,在在在
533,AAA,涼涼涼
534,AAA,青青青
535,AAA,綿綿綿
536,AAA,離離離
537,AAA,厚厚厚
538,AAA,熁熁熁
539,AAA,彎彎彎
540,AAA,𠕇𠕇𠕇
541,AAA,白白白
542,AAA,明明明
543,AAA,幼幼幼
544,AAA,澀澀澀
545,AAA,粗粗粗
546,AAA,沐沐沐
547,AAA,外外外
548,AAA,老老老
549,AAA,膨膨膨
550,AAA,芳芳芳
551,AAA,豔豔豔
552,AAA,扁扁扁
553,AAA,冷冷冷
554,AAA,光光光
555,AAA,大大大
556,AAA,開開開
557,AAA,粉粉粉
558,AAA,澍澍澍
559,AAA,黃黃黃
560,AAA,直直直
561,AAA,平平平
562,AAA,仁仁仁
563,AAA,久久久
564,AAA,翹翹翹
565,AAA,花花花
566,AAA,洘洘洘
567,AAA,貼貼貼
568,AAA,來來來
569,AAA,佩佩佩
570,AAA,媠媠媠
571,AAA,準準準
572,AAA,順順順
573,AAA,𣻸𣻸𣻸
574,AAA,紅紅紅
575,AAA,齊齊齊
576,AAA,著著著
577,AAA,足足足
578,AAA,密密密
579,AAA,腫腫腫
580,AAA,清清清
581,AAA,濟濟濟
582,AAA,長長長
583,AAA,茫茫茫
584,AAA,焦焦焦
585,AAA,恬恬恬
586,AAA,薟薟薟
587,AAA,羞羞羞
588,AAA,忝忝忝
589,AAA,薄薄薄
590,AAA,笑笑笑
591,AAA,燒燒燒
592,AAA,裂裂裂
593,AAA,肥肥肥
594,AAA,軟軟軟
595,AAA,懸懸懸
596,AAA,深深深
597,AAA,飽飽飽
598,AAA,空空空
599,AAA,跳跳跳
600,AAA,滇滇滇
601,AAA,塗塗塗
602,AAA,柔柔柔
603,AAA,好好好
604,AAA,肉肉肉
605,AAA,濁濁濁
606,AAA,烏烏烏
607,AAA,茂茂茂
608,AAB,哀哀叫
609,AAB,干干仔
610,AAB,懼懼顫
611,AAB,咻咻叫
612,AAB,喂喂叫
613,AAB,膏膏纏
614,AAB,浡浡滾
615,AAB,短短仔
616,AAB,硞硞輾
617,AAB,沖沖滾
618,AAB,倬倬長
619,AAB,㴙㴙落
620,AAB,戚戚跳
621,AAB,𢲸𢲸搟
622,AAB,硞硞鑽
623,AAB,拄拄仔
624,AAB,綿綿也
625,AAB,㴙㴙津
626,AAB,歹歹叫
627,AAB,頕頕頭
628,AAB,喈喈叫
629,AAB,臨臨仔
630,AAB,王王軒
631,AAB,懸懸仔
632,AAB,零零七
633,AAB,漸漸仔
634,AAB,亂亂飛
635,AAB,靜靜仔
636,AAB,某某人
637,AAB,咯咯雞
638,AAB,窒窒滇
639,AAB,𧿳𧿳飛
640,AAB,笑笑仔
641,AAB,戇戇踅
642,AAB,儉儉仔
643,AAB,咇咇掣
644,AAB,落落來
645,AAB,寬寬也
646,AAB,溫溫仔
647,AAB,強強欲
648,AAB,平平仔
649,AAB,花花仔
650,AAB,溜溜球
651,AAB,拌拌咧
652,AAB,吱吱叫
653,AAB,嚇嚇叫
654,AAB,哼哼呻
655,AAB,普普仔
656,AAB,溜溜行
657,AAB,罕罕仔
658,AAB,空空七
659,AAB,穩穩仔
660,AAB,開開矣
661,AAB,拄拄好
662,AAB,拋拋走
663,AAB,崩崩去
664,AAB,呿呿嗽
665,AAB,密密是
666,AAB,慢慢仔
667,AAB,淡淡仔
668,AAB,遨遨輾
669,AAB,嘛嘛吼
670,AAB,蠕蠕跎
671,AAB,乖乖仔
672,AAB,哼哼叫
673,AAB,𧿳𧿳跳
674,AAB,直直國
675,AAB,貓貓看
676,AAB,貿貿去
677,AAB,開開啦
678,AAB,玲玲啊
679,AAB,咂咂叫
680,AAB,輕輕仔
681,AAB,潨潨滾
682,AAB,硞硞傱
683,AAB,哞哞叫
684,AAB,削削叫
685,AAB,薄薄仔
686,AAB,細細仔
687,AAB,絳絳芳
688,AAB,剉剉掉
689,AAB,眨眨𥍉
690,AAB,膨膨大
691,AAB,百百種
692,AAB,顡顡惙
693,AAB,喨喨叫
694,AAB,鼾鼾叫
695,AAB,啾啾叫
696,AAB,亂亂交
697,AAB,百百空
698,AAB,茫茫仔
699,AAB,大大聲
700,AAB,萬萬代
701,AAB,舞舞歹
702,AAB,勻勻仔
703,AAB,偏偏仔
704,AAB,吭吭顛
705,AAB,殘殘仔
706,AAB,翱翱輾
707,AAB,恬恬也
708,AAB,直直仔
709,AAB,微微仔
710,AAB,軟軟仔
711,AAB,捷捷來
712,AAB,咯咯狀
713,AAB,詫詫叫
714,AAB,金金相
715,AAB,掠掠去
716,AAB,涼涼仔
717,AAB,唔唔睏
718,AAB,噗噗趒
719,AAB,翠翠啦
720,AAB,百百款
721,AAB,噗噗惝
722,AAB,硞硞幌
723,AAB,吻吻仔
724,AAB,𥍉𥍉看
725,AAB,猴猴仔
726,AAB,零零八
727,AAB,窣窣叫
728,AAB,硞硞綴
729,AAB,萬萬年
730,AAB,噗噗叫
731,AAB,哹哹叫
732,AAB,巧巧人
733,AAB,大大蕊
734,AAB,集集鎮
735,AAB,硞硞掣
736,AAB,燒燒仔
737,AAB,偷偷仔
738,AAB,嘓嘓叫
739,AAB,遠遠仔
740,AAB,巧巧仔
741,AAB,哈哈喘
742,AAB,評評理
743,AAB,鈕鈕仔
744,AAB,寬寬仔
745,AAB,咕咕公
746,AAB,㤄㤄叫
747,AAB,硞硞流
748,AAB,聊聊仔
749,AAB,爸爸節
750,AAB,丟丟銅
751,AAB,蟯蟯趖
752,AAB,噭噭叫
753,AAB,波波白
754,AAB,貓貓相
755,AAB,摃摃破
756,AAB,二二八
757,AAB,朱朱紅
758,AAB,當當時
759,AAB,貢貢芳
760,AAB,百百行
761,AAB,佐佐木
762,AAB,綿綿仔
763,AAB,爍爍顫
764,AAB,屑屑仔
765,AAB,咯咯叫
766,AAB,汋汋泅
767,AAB,吱吱吼
768,AAB,千千條
769,AAB,樂樂溪
770,AAB,亂亂來
771,AAB,喀喀嗽
772,AAB,疏疏仔
773,AAB,怶怶惙
774,AAB,嘈嘈滴
775,AAB,抿抿咧
776,AAB,幽幽仔
777,AAB,吭吭吼
778,AAB,直直流
779,AAB,略略仔
780,AAB,鼾鼾吼
781,AAB,咩咩吼
782,AAB,倒倒掉
783,AAB,萬萬歲
784,AAB,暗暗仔
785,AAB,踅踅念
786,AAB,噷噷叫
787,AAB,人人愛
788,AAB,扶扶挺
789,AAB,沓沓仔
790,AAB,擽擽叫
791,AAB,久久仔
792,AAB,挵挵叫
793,AAB,順順仔
794,AAB,抐抐開
795,AAB,大大下
796,AAB,亂亂講
797,AAB,好好仔
798,AAB,金金看
799,AAB,日日春
800,AAB,大大疊
801,AAB,苦苦仔
802,AAB,險險仔
803,AAB,散散步
804,AAB,可可仔
805,AAB,落落去
806,AAB,注注想
807,AAB,荏荏馬
808,AAB,金金仔
809,AAB,勻勻也
810,AAB,大大塊
811,AAB,戇戇仔
812,AAB,萊萊鼻
813,AAB,零零九
814,AAB,滿滿是
815,AAB,搬搬去
816,AAB,吭吭叫
817,AAB,媽媽啦
818,AAB,訌訌滾
819,AAB,嚓嚓趒
820,AAB,顡顡顫
821,AAB,怦怦喘
822,AAB,白白布
823,AAB,嗚嗚睏
824,AAB,嘻嘻笑
825,AAB,㴙㴙流
826,AAB,颺颺飛
827,AAB,閃閃爍
828,AAB,沐沐泅
829,AAB,俗俗仔
830,AAB,亂亂想
831,AAB,嗤嗤叫
832,AAB,㴙㴙唸
833,AAB,擗擗仔
834,AAB,鼾鼾睏
835,AAB,了了矣
836,AAB,呱呱叫
837,AAB,唔唔惜
838,AAB,幼幼仔
839,AAB,瀉瀉叫
840,AAB,齁齁叫
841,AAB,臆臆著
842,AAB,恬恬仔
843,AAB,蟯蟯鑽
844,AAB,挵挵破
845,AAB,硞硞笑
846,AAB,喓喓叫
847,AAB,輾輾轉
848,AAB,好好人
849,AAB,滴滴流
850,AAB,㴙㴙滴
851,AAB,毛毛仔
852,AAB,詬詬唸
853,AAB,空空囉
854,AAB,恬恬喵
855,AAB,千千歲
856,AAB,踅踅唸
857,AAB,牽牽去
858,AAB,怪怪呢
859,AAB,細細聲
860,AAB,柔柔也
861,AAB,刳刳下
862,AAB,集集線
863,AAB,硞硞踅
864,AAB,踅踅楞
865,AAB,大大範
866,AAB,慄慄掣
867,AAB,乓乓叫
868,AAB,詬詬念
869,AAB,落落也
870,AAB,放放掉
871,AAB,拉拉山
872,AAB,淺淺仔
873,AAB,硞硞問
874,AAB,揻揻鑽
875,AAB,蟯蟯動
876,AAB,灰灰道
877,AAB,抨抨掉
878,AAB,嚶嚶睏
879,AAB,硞硞等
880,AAB,暖暖區
881,AAB,嗚嗚叫
882,AAB,躼躼長
883,AAB,二二仔
884,AAB,倯倯仔
885,AAB,文文仔
886,AAB,呼呼叫
887,AAB,翠翠啊
888,AAB,霎霎仔
889,AAB,指指仔
890,AAB,煞煞去
891,AAB,賴賴趖
892,AAB,蟯蟯旋
893,AAB,亂亂傱
894,AAB,掀掀開
895,AAB,可可亞
896,ABB,漚舊舊
897,ABB,沖了了
898,ABB,穩觸觸
899,ABB,白幼幼
900,ABB,焦涸涸
901,ABB,冷冰冰
902,ABB,楞捙捙
903,ABB,氣趄趄
904,ABB,陰森森
905,ABB,茫舒舒
906,ABB,媠鈃鈃
907,ABB,小佩佩
908,ABB,激怐怐
909,ABB,食死死
910,ABB,飛了了
911,ABB,紅絳絳
912,ABB,芳絳絳
913,ABB,透吱吱
914,ABB,燒記記
915,ABB,嬌滴滴
916,ABB,圓滾滾
917,ABB,小妹妹
918,ABB,軟膏膏
919,ABB,無了了
920,ABB,鬧猜猜
921,ABB,行透透
922,ABB,楨碻碻
923,ABB,婦人人
924,ABB,透拂拂
925,ABB,情綿綿
926,ABB,光銅銅
927,ABB,容仙仙
928,ABB,甜蜜蜜
929,ABB,刺夯夯
930,ABB,金歙歙
931,ABB,開了了
932,ABB,抾了了
933,ABB,傳透透
934,ABB,霧嗄嗄
935,ABB,𤺪篤篤
936,ABB,白綿綿
937,ABB,攢齊齊
938,ABB,挽了了
939,ABB,輸了了
940,ABB,澹漉漉
941,ABB,頭擔擔
942,ABB,敗了了
943,ABB,光燦燦
944,ABB,刣了了
945,ABB,開透透
946,ABB,光蕭蕭
947,ABB,心酸酸
948,ABB,死曲曲
949,ABB,活跳跳
950,ABB,擘開開
951,ABB,飽瀦瀦
952,ABB,掛牢牢
953,ABB,閒仙仙
954,ABB,新鑿鑿
955,ABB,跋了了
956,ABB,滑溜溜
957,ABB,甜粅粅
958,ABB,窮了了
959,ABB,好溜溜
960,ABB,鋪透透
961,ABB,胡瘰瘰
962,ABB,烏浼浼
963,ABB,烏溜溜
964,ABB,送準準
965,ABB,圓輾輾
966,ABB,蛀了了
967,ABB,死翹翹
968,ABB,面憂憂
969,ABB,踅透透
970,ABB,赤炎炎
971,ABB,熱翕翕
972,ABB,刺耙耙
973,ABB,暗摸摸
974,ABB,光禿禿
975,ABB,激外外
976,ABB,燒唿唿
977,ABB,掩牢牢
978,ABB,漚瀦瀦
979,ABB,歹死死
980,ABB,一陣陣
981,ABB,關死死
982,ABB,舞透透
983,ABB,扲牢牢
984,ABB,𠕇硞硞
985,ABB,金爍爍
986,ABB,捏牢牢
987,ABB,鹹篤篤
988,ABB,挽牢牢
989,ABB,寒爍爍
990,ABB,放長長
991,ABB,老硞硞
992,ABB,青覲覲
993,ABB,剉了了
994,ABB,放透透
995,ABB,瘦搐搐
996,ABB,笑咍咍
997,ABB,攬牢牢
998,ABB,揣透透
999,ABB,欶了了
1000,ABB,吼叱叱
1001,ABB,黏黐黐
1002,ABB,暗殕殕
1003,ABB,大拜拜
1004,ABB,企臨臨
1005,ABB,看現現
1006,ABB,走透透
1007,ABB,激恬恬
1008,ABB,收離離
1009,ABB,冷霜霜
1010,ABB,燒滾滾
1011,ABB,裂獅獅
1012,ABB,牢絚絚
1013,ABB,氣掣掣
1014,ABB,爛了了
1015,ABB,青跳跳
1016,ABB,油肭肭
1017,ABB,㾪巴巴
1018,ABB,倯壁壁
1019,ABB,暗漠漠
1020,ABB,鬧彩彩
1021,ABB,占牢牢
1022,ABB,放外外
1023,ABB,翹懸懸
1024,ABB,跟牢牢
1025,ABB,親呼呼
1026,ABB,輕蠓蠓
1027,ABB,肥朒朒
1028,ABB,實統統
1029,ABB,青蘢蘢
1030,ABB,水湛湛
1031,ABB,剃光光
1032,ABB,氣怫怫
1033,ABB,金熾熾
1034,ABB,油洗洗
1035,ABB,損命命
1036,ABB,亂紛紛
1037,ABB,闊閬閬
1038,ABB,看真真
1039,ABB,展開開
1040,ABB,褪光光
1041,ABB,笑微微
1042,ABB,刜了了
1043,ABB,文化化
1044,ABB,暢怫怫
1045,ABB,白皚皚
1046,ABB,恬喌喌
1047,ABB,軟紡紡
1048,ABB,糊瘰瘰
1049,ABB,青恂恂
1050,ABB,硬迸迸
1051,ABB,光溜溜
1052,ABB,臭毛毛
1053,ABB,幼毛毛
1054,ABB,塗厝厝
1055,ABB,圓棍棍
1056,ABB,親戽戽
1057,ABB,捽了了
1058,ABB,貴參參
1059,ABB,圓輪輪
1060,ABB,坱蓬蓬
1061,ABB,小猩猩
1062,ABB,笨奢奢
1063,ABB,轟哈哈
1064,ABB,青荷荷
1065,ABB,走拋拋
1066,ABB,吸了了
1067,ABB,湛漉漉
1068,ABB,頭眩眩
1069,ABB,粗耙耙
1070,ABB,活龍龍
1071,ABB,釘硞硞
1072,ABB,崁了了
1073,ABB,白皙皙
1074,ABB,恬靜靜
1075,ABB,密喌喌
1076,ABB,枵搜搜
1077,ABB,拑絚絚
1078,ABB,整理理
1079,ABB,半老老
1080,ABB,騙了了
1081,ABB,狹櫼櫼
1082,ABB,攔了了
1083,ABB,攬絚絚
1084,ABB,臆出出
1085,ABB,冷吱吱
1086,ABB,光映映
1087,ABB,卸了了
1088,ABB,崁牢牢
1089,ABB,腫歪歪
1090,ABB,徛騰騰
1091,ABB,走了了
1092,ABB,鬍叉叉
1093,ABB,烏趖趖
1094,ABB,暗趖趖
1095,ABB,企亭亭
1096,ABB,白疏疏
1097,ABB,軟𩛩𩛩
1098,ABB,氣勃勃
1099,ABB,醉茫茫
1100,ABB,笑咪咪
1101,ABB,啞蛤蛤
1102,ABB,掠準準
1103,ABB,膨獅獅
1104,ABB,剿了了
1105,ABB,攢便便
1106,ABB,䆀糊糊
1107,ABB,紅記記
1108,ABB,光焱焱
1109,ABB,剁齊齊
1110,ABB,鋏牢牢
1111,ABB,吼螺螺
1112,ABB,碎糊糊
1113,ABB,妝媠媠
1114,ABB,媠仙仙
1115,ABB,笑獅獅
1116,ABB,飽嘟嘟
1117,ABB,碎鹽鹽
1118,ABB,食了了
1119,ABB,相準準
1120,ABB,臭薟薟
1121,ABB,關了了
1122,ABB,氣了了
1123,ABB,霧藪藪
1124,ABB,烏漉漉
1125,ABB,趕迸迸
1126,ABB,慢吞吞
1127,ABB,笑吻吻
1128,ABB,喘怦怦
1129,ABB,𣻸塌塌
1130,ABB,油漆漆
1131,ABB,頭敧敧
1132,ABB,頭耽耽
1133,ABB,笑文文
1134,ABB,翸了了
1135,ABB,搝絚絚
1136,ABB,笑盈盈
1137,ABB,佯悾悾
1138,ABB,媠噹噹
1139,ABB,搝牢牢
1140,ABB,亂糟糟
1141,ABB,實櫼櫼
1142,ABB,死了了
1143,ABB,害了了
1144,ABB,閃爍爍
1145,ABB,破糊糊
1146,ABB,疼命命
1147,ABB,勇健健
1148,ABB,白爍爍
1149,ABB,憂結結
1150,ABB,揹牢牢
1151,ABB,𩚨噹噹
1152,ABB,翕現現
1153,ABB,譀寡寡
1154,ABB,跳懸懸
1155,ABB,爽歪歪
1156,ABB,忝㽎㽎
1157,ABB,激厚厚
1158,ABB,搜透透
1159,ABB,趕緊緊
1160,ABB,惡噱噱
1161,ABB,油湯湯
1162,ABB,實捅捅
1163,ABB,關牢牢
1164,ABB,烏黔黔
1165,ABB,𩚨嗲嗲
1166,ABB,白鑠鑠
1167,ABB,激天天
1168,ABB,花嗄嗄
1169,ABB,皺襞襞
1170,ABB,向千千
1171,ABB,歹了了
1172,ABB,直溜溜
1173,ABB,烏汁汁
1174,ABB,顧緊緊
1175,ABB,散糊糊
1176,ABB,小娃娃
1177,ABB,黃怞怞
1178,ABB,疐密密
1179,ABB,軟惜惜
1180,ABB,白茫茫
1181,ABB,青迸迸
1182,ABB,燒了了
1183,ABB,光遛遛
1184,ABB,臆準準
1185,ABB,亂操操
1186,ABB,焦脯脯
1187,ABB,烏暗暗
1188,ABB,利劍劍
1189,ABB,笑哈哈
1190,ABB,烏鬼鬼
1191,ABB,落光光
1192,ABB,包牢牢
1193,ABB,尾指指
1194,ABB,綴牢牢
1195,ABB,輕蚊蚊
1196,ABB,燒烘烘
1197,ABB,恬孜孜
1198,ABB,釘牢牢
1199,ABB,纏牢牢
1200,ABB,死殗殗
1201,ABB,紅爍爍
1202,ABB,褫開開
1203,ABB,徛定定
1204,ABB,去了了
1205,ABB,記牢牢
1206,ABB,光爍爍
1207,ABB,塞死死
1208,ABB,譀呱呱
1209,ABB,落了了
1210,ABB,茫渺渺
1211,ABB,二太太
1212,ABB,頭𩑾𩑾
1213,ABB,耍透透
1214,ABB,惜命命
1215,ABB,按呢呢
1216,ABB,金鑠鑠
1217,ABB,闊莽莽
1218,ABB,懊嘟嘟
1219,ABB,放瞌瞌
1220,ABB,收了了
1221,ABB,平坦坦
1222,ABB,熱怫怫
1223,ABB,挐絞絞
1224,ABB,恬寂寂
1225,ABB,幼麵麵
1226,ABB,徛牢牢
1227,ABB,食夠夠
1228,ABB,註好好
1229,ABB,看透透
1230,ABB,燒熁熁
1231,ABB,擘金金
1232,ABB,芳貢貢
1233,ABB,䆀猴猴
1234,ABB,烏㽎㽎
1235,ABB,白蔥蔥
1236,ABB,用了了
1237,ABB,拑牢牢
1238,ABB,光清清
1239,ABB,屈牢牢
1240,ABB,黃錦錦
1241,ABB,反透透
1242,ABB,枵嗄嗄
1243,ABB,拐了了
1244,ABB,肥臀臀
1245,ABB,激放放
1246,ABB,茂吵吵
1247,ABB,胃嘈嘈
1248,ABB,金噹噹
1249,ABB,花貓貓
1250,ABB,紅帕帕
1251,ABB,頭犁犁
1252,ABB,冷清清
1253,ABB,食透透
1254,ABB,看出出
1255,ABB,鬍屑屑
1256,ABB,光燄燄
1257,ABB,旋了了
1258,ABB,衝呱呱
1259,ABB,幼綿綿
1260,ABB,𣻸肭肭
1261,ABB,燃滾滾
1262,ABB,苦嗲嗲
1263,ABB,暗挲挲
1264,ABB,光坡坡
1265,ABB,溢滇滇
1266,ABB,熱紅紅
1267,ABB,四角角
1268,ABB,利閃閃
1269,ABB,平波波
1270,ABB,掠了了
1271,ABB,緊趣趣
1272,ABB,烏毿毿
1273,ABB,疼搐搐
1274,ABB,老碻碻
1275,ABB,撚了了
1276,ABB,燒燙燙
1277,ABB,白雪雪
1278,ABB,佯恬恬
1279,ABB,倒了了
1280,ABB,花茫茫
1281,ABB,陰鴆鴆
1282,ABB,相真真
1283,ABB,老太太
1284,ABB,散了了
1285,ABB,烏櫳櫳
1286,ABB,毀了了
1287,ABB,燒嗙嗙
1288,ABB,爛糊糊
1289,ABB,害溜溜
1290,ABB,頭亞亞
1291,ABB,𩚨嗲嗲
1292,ABB,挐氅氅
1293,ABB,長躼躼
1294,ABB,呼噓噓
1295,ABB,顧牢牢
1296,ABB,眩捙捙
1297,ABB,熱唿唿
1298,ABB,橫霸霸
1299,ABB,頭頕頕
1300,ABB,惡確確
1301,ABB,瘦疕疕
1302,ABB,重錘錘
1303,ABB,鋸齊齊
1304,ABB,術了了
1305,ABB,嘵叱叱
1306,ABB,軟荍荍
1307,ABB,必了了
1308,ABB,赤焱焱
1309,ABB,伸長長
1310,ABB,笑听听
1311,ABB,考透透
1312,ABB,油臘臘
1313,ABB,歹衝衝
1314,ABB,拆了了
1315,ABB,絚擋擋
1316,ABB,興𩑾𩑾
1317,ABB,頭覃覃
1318,ABB,笑嘻嘻
1319,ABB,軟㽎㽎
1320,ABB,澹糊糊
1321,ABB,黏牢牢
1322,ABB,白波波
1323,ABB,滇滿滿
1324,ABB,洘秫秫
1325,ABB,押牢牢
1326,ABB,牽牢牢
1327,ABB,賣了了
1328,ABB,變透透
1329,ABB,新點點
1330,ABB,白恂恂
1331,ABB,滇洘洘
1332,AABB,黐黐竚竚
1333,AABB,自自然然
1334,AABB,花花草草
1335,AABB,事事項項
1336,AABB,甘甘甜甜
1337,AABB,孤孤遠遠
1338,AABB,點點滴滴
1339,AABB,出出入入
1340,AABB,假假真真
1341,AABB,譀譀腫腫
1342,AABB,平平安安
1343,AABB,豐豐沛沛
1344,AABB,綿綿精精
1345,AABB,久久長長
1346,AABB,冷冷清清
1347,AABB,加加減減
1348,AABB,辛辛苦苦
1349,AABB,花花綠綠
1350,AABB,健健康康
1351,AABB,哩哩硞硞
1352,AABB,溼溼鹹鹹
1353,AABB,鬼鬼祟祟
1354,AABB,輕輕鬆鬆
1355,AABB,清清楚楚
1356,AABB,千千萬萬
1357,AABB,叮叮噹噹
1358,AABB,鬼鬼怪怪
1359,AABB,逃逃閃閃
1360,AABB,永永遠遠
1361,AABB,聲聲句句
1362,AABB,馬馬虎虎
1363,AABB,前前後後
1364,AABB,快快樂樂
1365,AABB,大大細細
1366,AABB,痛痛快快
1367,AABB,烏烏暗暗
1368,AABB,搔搔講講
1369,AABB,起起浮浮
1370,AABB,爽爽快快
1371,AABB,扁扁徛徛
1372,AABB,朝朝暮暮
1373,AABB,喑喑噁噁
1374,AABB,恬恬靜靜
1375,AABB,扶扶端端
1376,AABB,形形色色
1377,AABB,光光禿禿
1378,AABB,頂頂下下
1379,AABB,離離落落
1380,AABB,恩恩愛愛
1381,AABB,死死昏昏
1382,AABB,閃閃爍爍
1383,AABB,鬧鬧熱熱
1384,AABB,嚶嚶𨂿𨂿
1385,AABB,去去倒倒
1386,AABB,重重疊疊
1387,AABB,嬉嬉嘩嘩
1388,AABB,雄雄狂狂
1389,AABB,張張掣掣
1390,AABB,時時刻刻
1391,AABB,神神祕祕
1392,AABB,歪歪裂裂
1393,AABB,真真假假
1394,AABB,坎坎坷坷
1395,AABB,嗤嗤喳喳
1396,AABB,金金爍爍
1397,AABB,奇奇怪怪
1398,AABB,懵懵懂懂
1399,AABB,挨挨𤲍𤲍
1400,AABB,酸酸甜甜
1401,AABB,彎彎斡斡
1402,AABB,懸懸低低
1403,AABB,纓纓纏纏
1404,AABB,來來去去
1405,AABB,凊凊彩彩
1406,AABB,七七八八
1407,AABB,搝搝搦搦
1408,AABB,糜糜卯卯
1409,AABB,敧敧曲曲
1410,AABB,拖拖沙沙
1411,AABB,家家戶戶
1412,AABB,茫茫渺渺
1413,AABB,溫溫吞吞
1414,AABB,彎彎曲曲
1415,AABB,吞吞吐吐
1416,AABB,吱吱啾啾
1417,AABB,男男女女
1418,AABB,歡歡喜喜
1419,AABB,鋩鋩角角
1420,AABB,嚶嚶啘啘
1421,AABB,搖搖擺擺
1422,AABB,堂堂正正
1423,AABB,遠遠近近
1424,AABB,勤勤儉儉
1425,AABB,零零星星
1426,AABB,龜龜毛毛
1427,AABB,歪歪敧敧
1428,AABB,真真正正
1429,AABB,嘻嘻嘩嘩
1430,AABB,三三五五
1431,AABB,破破爛爛
1432,AABB,雙雙對對
1433,AABB,客客氣氣
1434,AABB,確確實實
1435,AABB,嘰嘰咕咕
1436,AABB,長長短短
1437,AABB,風風雨雨
1438,AABB,扶扶挺挺
1439,AABB,挨挨陣陣
1440,AABB,兇兇狂狂
1441,AABB,顛顛倒倒
1442,AABB,倉倉狂狂
1443,AABB,順順利利
1444,AABB,龜龜鱉鱉
1445,AABB,沓沓滴滴
1446,AABB,冤冤仇仇
1447,AABB,清清氣氣
1448,AABB,喋喋突突
1449,AABB,暗暗毿毿
1450,AABB,四四角角
1451,AABB,指指揬揬
1452,AABB,歪歪倒倒
1453,AABB,大大方方
1454,AABB,孤孤單單
1455,AABB,窸窸窣窣
1456,AABB,橫橫扴扴
1457,AABB,嗤嗤呲呲
1458,AABB,安安穩穩
1459,AABB,日日暝暝
1460,AABB,老老實實
1461,AABB,扭扭搦搦
1462,AABB,起起落落
1463,AABB,兵兵砰砰
1464,AABB,甜甜蜜蜜
1465,AABB,哩哩囉囉
1466,AABB,冰冰涼涼
1467,AABB,掩掩揜揜
1468,AABB,離離各各
1469,AABB,實實在在
1470,AABB,亂亂紛紛
1471,AABB,茫茫霧霧
1472,AABB,唉唉雜雜
1473,AABB,正正當當
1474,AABB,吵吵鬧鬧
1475,AABB,清清白白
1476,AABB,哆哆咀咀
1477,AABB,魚魚肉肉
1478,AABB,㴙㴙滴滴
1479,AABB,鬮鬮剋剋
1480,AABB,噓噓嘩嘩
1481,AABB,喊喊喝喝
1482,AABB,浮浮沉沉
1483,AABB,煩煩惱惱
1484,AABB,崁崁屹屹
1485,AABB,溫溫純純
1486,AABB,衝衝碰碰
1487,AABB,生生狂狂
1488,AABB,啼啼哭哭
1489,AABB,紛紛擾擾
1490,AABB,金金黃黃
1491,AABB,快快活活
1492,AABB,認認真真
1493,AABB,綿綿櫼櫼
1494,AABB,嘻嘻哈哈
1495,AABB,規規矩矩
1496,AABB,扶扶請請
1497,AABB,整整齊齊
1498,AABB,瘋瘋癲癲
1499,AABB,嗤嗤嗆嗆
1500,AABB,溜溜瞅瞅
1501,AABB,思思念念
1502,AABB,來來回回
1503,AABB,輕輕鏗鏗
1504,AABB,囝囝孫孫
1505,AABB,和和樂樂
1506,AABC,規規矩記
1507,AABC,圍圍起來
1508,AABC,人人有責
1509,AABC,反反出來
1510,AABC,細細支仔
1511,AABC,拄拄仔好
1512,AABC,細細隻仔
1513,AABC,花花世界
1514,AABC,白白仔肉
1515,AABC,岌岌可危
1516,AABC,䁒䁒目聶
1517,AABC,幽幽仔疼
1518,AABC,鋟鋟鎈仔
1519,AABC,沉沉不語
1520,AABC,圓圓箍仔
1521,AABC,翩翩起舞
1522,AABC,行行落去
1523,AABC,提提落來
1524,AABC,慢慢仔是
1525,AABC,細細漢仔
1526,AABC,津津有味
1527,AABC,細細間也
1528,AABC,毛毛仔雨
1529,AABC,食食落去
1530,AABC,搬搬出去
1531,AABC,細細喙仔
1532,AABC,搤搤出來
1533,AABC,荏荏仔馬
1534,AABC,收收一下
1535,AABC,花花公子
1536,AABC,寄寄轉去
1537,AABC,閂閂起來
1538,AABC,微微仔笑
1539,AABC,細細个仔
1540,AABC,霎霎仔雨
1541,AABC,走走轉去
1542,AABC,細細蕊仔
1543,AABC,掖掖出來
1544,AABC,流流仔社
1545,AABC,吐吐出來
1546,AABC,還還轉去
1547,AABC,鉸鉸斷去
1548,AABC,寬寬仔是
1549,AABC,買買轉來
1550,AABC,唸唸有詞
1551,AABC,釘釘起來
1552,AABC,悶悶不樂
1553,AABC,好好仔人
1554,AABC,倒倒出來
1555,AABC,細細粒仔
1556,AABC,儉儉仔用
1557,AABC,細細間仔
1558,AABC,文文仔笑
1559,AABC,勻勻仔火
1560,AABC,細細條仔
1561,AABC,丟丟銅仔
1562,AABC,瞭瞭也相
1563,AABC,生生不息
1564,AABC,心心相印
1565,AABC,細細聲仔
1566,AABC,金金相著
1567,AABC,勻勻仔是
1568,AABC,細細逝仔
1569,AABC,金金看著
1570,BCAA,破壞了了
1571,BCAA,清氣眈眈
1572,BCAA,耳仔覆覆
1573,BCAA,負債累累
1574,BCAA,嘴鬚翹翹
1575,BCAA,菩薩娘娘
1576,BCAA,一箍遛遛
1577,BCAA,虎視眈眈
1578,BCAA,目頭結結
1579,BCAA,心頭重重
1580,BCAA,紅啊記記
1581,BCAA,清氣溜溜
1582,BCAA,觀音娘娘
1583,BCAA,風度翩翩
1584,BCAA,鬧熱𩑾𩑾
1585,BCAA,五十外外
1586,BCAA,註生娘娘
1587,BCAA,金光閃閃
1588,BCAA,毋甘搐搐
1589,BCAA,頭毛散散
1590,BCAA,食人夠夠
1591,BCAA,無閒𩑾𩑾
1592,BCAA,老神在在
1593,BCAA,困難重重
1594,BCAA,威風凜凜
1595,BCAA,骨頭齴齴
1596,BCAA,頭殼睍睍
1597,BCAA,千里迢迢
1598,BCAA,鬧熱滾滾
1599,BCAA,無閒貼貼
1600,BCAA,喜氣洋洋
1601,BCAA,不甘怞怞
1602,BCAA,無容切切
1603,BCAA,目睭吐吐
1604,BCAA,拍歹了了
1605,BCAA,清氣噹噹
1606,BCAA,耳仔蓋蓋
1607,BCAA,白髮蒼蒼
1608,BCAA,目睭瞌瞌
1609,BCAA,面子凊凊
1610,BCAA,腹肚薾薾
1611,BCAA,一个褲褲
1612,BCAA,好勢溜溜
1613,BCAA,王母娘娘
1614,BCAA,偷提了了
1615,ABBA,省事事省
1616,ABBC,老硞硞矣
1617,ABBC,一點點仔
1618,ABBC,一屑屑仔
1619,ABBC,去了了矣
1620,ABBC,收了了矣
1621,ABBC,一絲絲仔
1622,ABBC,阿鳥鳥仔
1623,ABBC,車轟轟叫
1624,ABBC,汗浡浡發
1625,ABBC,警新新村
1626,ABBC,歕觱觱仔
1627,ABBC,一寡寡仔
1628,ABBC,尾指指仔
1629,ABBC,呼噓噓仔
1630,ABBC,二空空七
1631,ABAB,中範中範
1632,ABAB,欲倒欲倒
1633,ABAB,面熟面熟
1634,ABAB,苦甘苦甘
1635,ABAB,閉羞閉羞
1636,ABAB,梢聲梢聲
1637,ABAB,愚神愚神
1638,ABAB,躒爽躒爽
1639,ABAB,趣味趣味
1640,ABAB,白殕白殕
1641,ABAB,整齊整齊
1642,ABAB,失常失常
1643,ABAB,一陣一陣
1644,ABAB,心適心適
1645,ABAB,礙虐礙虐
1646,ABAB,白肉白肉
1647,ABAB,滑溜滑溜
1648,ABAB,好耍好耍
1649,ABAB,兩光兩光
1650,ABAB,欲死欲死
1651,ABAB,脫線脫線
1652,ABAB,黃晃黃晃
1653,ABAB,戇直戇直
1654,ABAB,垃圾垃圾
1655,ABAB,無神無神
1656,ABAB,黃酸黃酸
1657,ABAB,換新換新
1658,ABAB,好勢好勢
1659,ABAB,無意無意
1660,ABAB,矮頓矮頓
1661,ABAB,癮頭癮頭
1662,ABAB,儑面儑面
1663,ABAB,矮鼓矮鼓
1664,ABAB,客氣客氣
1665,ABAB,普通普通
1666,ABAB,吐目吐目
1667,ABAB,烏金烏金
1668,ABAB,清氣清氣
1669,ABAB,換食換食
1670,ABAB,烏陰烏陰
1671,ABAB,死趖死趖
1672,ABAB,馬西馬西
1673,ABAB,散形散形
1674,ABAB,古錐古錐
1675,ABAB,沙微沙微
1676,ABAB,落風落風
1677,ABAB,一蕊一蕊
1678,ABAB,紅金紅金
1679,ABAB,懵膽懵膽
1680,ABAB,青翠青翠
1681,ABAB,簡單簡單
1682,ABAB,疏櫳疏櫳
1683,ABAB,拄䢢拄䢢
1684,ABAB,曲痀曲痀
1685,ABAB,瘦抽瘦抽
1686,ABAB,優雅優雅
1687,ABAB,烏鉎烏鉎
1688,ABAB,譀浡譀浡
1689,ABAB,踅神踅神
1690,ABAB,斯文斯文
1691,ABAB,失神失神
1692,ABAB,如此如此
1693,ABAB,懶屍懶屍
1694,ABAB,狡怪狡怪
1695,ABAB,對同對同
1696,ABAB,四正四正
1697,ABAB,流糍流糍
1698,ABAB,紅牙紅牙
1699,ABAB,孝呆孝呆
1700,ABAB,歹勢歹勢
1701,ABAB,暗毿暗毿
1702,ABAB,𠕇芳𠕇芳
1703,ABAB,散仙散仙
1704,ABAB,意思意思
1705,ABAB,否勢否勢
1706,ABAB,福相福相
1707,ABAB,粗魯粗魯
1708,ABAB,長株長株
1709,ABAB,做陣做陣
1710,ABAB,烏殕烏殕
1711,ABAB,老實老實
1712,ABAB,笑面笑面
1713,ABAB,膨皮膨皮
1714,ABAB,神祕神祕
1715,ABAB,戇神戇神
1716,ABAB,蓬鬆蓬鬆
1717,ABAC,規群規括
1718,ABAC,有來有往
1719,ABAC,有模有樣
1720,ABAC,布頭布尾
1721,ABAC,𬦰懸𬦰低
1722,ABAC,有禮有教
1723,ABAC,腌里腌臢
1724,ABAC,無捨無施
1725,ABAC,揣空揣縫
1726,ABAC,搖來搖去
1727,ABAC,無憂無愁
1728,ABAC,無大無細
1729,ABAC,一必一中
1730,ABAC,自動自發
1731,ABAC,大富大貴
1732,ABAC,拍寒拍熱
1733,ABAC,臨時臨么
1734,ABAC,無怨無悔
1735,ABAC,囉哩囉嗦
1736,ABAC,鬼頭鬼腦
1737,ABAC,不三不四
1738,ABAC,假死假活
1739,ABAC,剋來剋去
1740,ABAC,喝起喝倒
1741,ABAC,無法無天
1742,ABAC,無講無呾
1743,ABAC,若有若無
1744,ABAC,行來行去
1745,ABAC,纏跤纏手
1746,ABAC,不知不覺
1747,ABAC,百發百中
1748,ABAC,無聲無說
1749,ABAC,縛跤縛手
1750,ABAC,喝東喝西
1751,ABAC,實話實講
1752,ABAC,大仔大力
1753,ABAC,搦屎搦尿
1754,ABAC,糊里糊塗
1755,ABAC,腌哩腌臢
1756,ABAC,一模一樣
1757,ABAC,無證無據
1758,ABAC,大搖大擺
1759,ABAC,有講有笑
1760,ABAC,食燒食冷
1761,ABAC,好時好日
1762,ABAC,人山人海
1763,ABAC,無話無句
1764,ABAC,無張無持
1765,ABAC,鮮頭鮮面
1766,ABAC,踅來踅去
1767,ABAC,大主大意
1768,ABAC,毋情毋願
1769,ABAC,賊頭賊腦
1770,ABAC,相紲相生
1771,ABAC,做牛做馬
1772,ABAC,正月正時
1773,ABAC,反起反倒
1774,ABAC,種東種西
1775,ABAC,變鬼變怪
1776,ABAC,走來走去
1777,ABAC,照呼照行
1778,ABAC,所作所為
1779,ABAC,變東變西
1780,ABAC,照講照行
1781,ABAC,喝起喝落
1782,ABAC,明呼明唱
1783,ABAC,無膽無寒
1784,ABAC,無責無任
1785,ABAC,袂食袂睏
1786,ABAC,笨跤笨手
1787,ABAC,大人大種
1788,ABAC,工頭工尾
1789,ABAC,如癡如醉
1790,ABAC,一舉一動
1791,ABAC,一點一滴
1792,ABAC,問東問西
1793,ABAC,戇頭戇面
1794,ABAC,做東做西
1795,ABAC,謝天謝地
1796,ABAC,綿死綿爛
1797,ABAC,自由自在
1798,ABAC,插喙插舌
1799,ABAC,無閒無工
1800,ABAC,省時省工
1801,ABAC,食銅食鐵
1802,ABAC,流鼻流滴
1803,ABAC,可喜可賀
1804,ABAC,無某無猴
1805,ABAC,無要無緊
1806,ABAC,有時有陣
1807,ABAC,鈍跤鈍手
1808,ABAC,流汗流洘
1809,ABAC,佯顛佯痟
1810,ABAC,無緣無故
1811,ABAC,自立自強
1812,ABAC,好山好水
1813,ABAC,半信半疑
1814,ABAC,無影無跡
1815,ABAC,有家有後
1816,ABAC,全心全力
1817,ABAC,經跤經手
1818,ABAC,數一數二
1819,ABAC,試東試西
1820,ABAC,搭籬搭壁
1821,ABAC,一心一意
1822,ABAC,合情合理
1823,ABAC,網際網路
1824,ABAC,無底無代
1825,ABAC,卸世卸眾
1826,ABAC,拚死拚活
1827,ABAC,汗流汗滴
1828,ABAC,𬦰起𬦰落
1829,ABAC,無鹹無纖
1830,ABAC,怨東怨西
1831,ABAC,自作自受
1832,ABAC,自私自利
1833,ABAC,有情有義
1834,ABAC,離葉離枝
1835,ABAC,無暝無日
1836,ABAC,應喙應舌
1837,ABAC,儑頭儑面
1838,ABAC,庄頭庄尾
1839,ABAC,想東想西
1840,ABAC,救苦救難
1841,ABAC,大魚大肉
1842,ABAC,直來直去
1843,ABAC,越來越去
1844,ABAC,貼七貼八
1845,ABAC,嗤舞嗤呲
1846,ABAC,假鬼假怪
1847,ABAC,無病無疼
1848,ABAC,無冤無仇
1849,ABAC,笑頭笑面
1850,ABAC,嫌東嫌西
1851,ABAC,夢天夢地
1852,ABAC,反來反去
1853,ABAC,無依無倚
1854,ABAC,無冤無家
1855,ABAC,崁頭崁面
1856,ABAC,看頭看尾
1857,ABAC,無滋無味
1858,ABAC,相趁相喊
1859,ABAC,憂國憂民
1860,ABAC,相挨相𤲍
1861,ABAC,佯顛佯戇
1862,ABAC,搭椅搭桌
1863,ABAC,勼跤勼手
1864,ABAC,流汗流滴
1865,ABAC,直腸直肚
1866,ABAC,無消無息
1867,ABAC,綴前綴後
1868,ABAC,十全十美
1869,ABAC,路頭路尾
1870,ABAC,無聊無賴
1871,ABAC,趖跤趖手
1872,ABAC,摸來摸去
1873,ABAC,車衫車仔
1874,ABAC,不答不七
1875,ABAC,傱出傱入
1876,ABAC,歁頭歁面
1877,ABAC,無頭無尾
1878,ABAC,無怨無慼
1879,ABAC,外行外落
1880,ABAC,頓椅頓桌
1881,ABAC,九十九峰
1882,ABAC,半工半讀
1883,ABAC,大身大命
1884,ABAC,想空想縫
1885,ABAC,恬喙恬舌
1886,ABAC,臨時臨要
1887,ABAC,面漚面臭
1888,ABAC,各行各業
1889,ABAC,原味原汁
1890,ABAC,費氣費觸
1891,ABAC,舊漚舊臭
1892,ABAC,面憂面結
1893,ABAC,紙頭紙尾
1894,ABAC,賊跤賊手
1895,ABAC,拖身拖命
1896,ABAC,無要無意
1897,ABAC,大起大落
1898,ABAC,假情假意
1899,ABAC,大鑼大鼓
1900,ABAC,古色古香
1901,ABAC,跳懸跳低
1902,ABAC,疑神疑鬼
1903,ABAC,想來想去
1904,ABAC,飛來飛去
1905,ABAC,有頭有尾
1906,ABAC,無禁無忌
1907,ABAC,流血流滴
1908,ABAC,講東講西
1909,ABAC,推來推去
1910,ABAC,無代無誌
1911,ABAC,惡有惡報
1912,ABAC,無意無思
1913,ABAC,佯悾佯痟
1914,ABAC,怨天怨地
1915,ABAC,無天無地
1916,ABAC,臨時臨陣
1917,ABAC,多采多姿
1918,ABAC,多彩多姿
1919,ABAC,臨時臨曜
1920,ABAC,哭爸哭母
1921,ABAC,無大無在
1922,ABAC,結嚾結黨
1923,ABAC,無煩無惱
1924,ABAC,飛起飛落
1925,ABAC,無攬無拈
1926,ABAC,規嚾規黨
1927,ABAC,一生一世
1928,ABAC,袂振袂動
1929,ABAC,血流血滴
1930,ABAC,洗東洗西
1931,ABAC,有勢有面
1932,ABAC,講天講地
1933,ABAC,自生自滅
1934,ABAC,全心全意
1935,ABAC,欲死欲活
1936,ABAC,照品照行
1937,ABAC,無味無燥
1938,ABAC,自作自專
1939,ABAC,假情假義
1940,ABAC,假仙假觸
1941,ABAC,一仙一厘
1942,BACA,王哥柳哥
1943,BACA,倚海食海
1944,BACA,三𪐞四𪐞
1945,BACA,七早八早
1946,BACA,細仔聲仔
1947,BACA,枵呻飽呻
1948,BACA,袂博假博
1949,BACA,一錯再錯
1950,BACA,七晏八晏
1951,BACA,腳弄手弄
1952,BACA,十洗九洗
1953,BACA,青磅白磅
1954,BACA,靠水食水
1955,BACA,將心比心
1956,BACA,第九十九
1957,BACA,第四十四
1958,BACA,靠山食山
1959,BACA,第七十七
1960,BACA,應有盡有
1961,BACA,跤來手來
1962,BACA,七老八老
1963,BACA,年仔節仔
1964,BACA,好死毋死
1965,BACA,借敵殺敵
1966,BACA,喙笑目笑
1967,BACA,娘仔觳仔
1968,BACA,細仔本仔
1969,BACA,天大地大
1970,BACA,大聲細聲
1971,BACA,心服口服
1972,BACA,七噴八噴
1973,BACA,第五十五
1974,BACA,根仔絡仔
1975,BACA,倚山食山
1976,BACA,偌仔爾仔
1977,BACA,第二十二
1978,BACA,講話算話
1979,BACA,第六十六
1980,BACA,有的無的
1981,BACA,喙見目見
1982,BACA,七窞八窞
1983,BACA,第三十三
1984,BACA,七踅八踅
1985,BACA,自然而然
1986,BACA,龜山島山
1987,BACA,第八十八
1988,others,心肝掠在在
1989,others,雞卵密密也有
1990,others,縫遂遂也匐起來
1991,others,雷公蓬蓬叫
1992,others,口才糊瘰瘰
1993,others,哺及碻碻叫
1994,others,目睭輪輪翱
1995,others,目水潀潀滴